{
    "loss": 1.8185741901397705,
    "accuracy": 0.8879310488700867
}