{
    "loss": 1.6798735857009888,
    "accuracy": 0.8879310488700867
}